{"cameraMode":{"drawMode":0,"name":"Shaded","section":"Shading Mode"},"sceneLighting":false,"audioPlay":false,"sceneViewState":{"m_AlwaysRefresh":false,"showFog":true,"showSkybox":false,"showFlares":true,"showImageEffects":true,"showParticleSystems":true,"showVisualEffectGraphs":true,"m_FxEnabled":true},"in2DMode":false,"pivot":{"x":-3.026310443878174,"y":-0.5358705520629883,"z":-0.5076363682746887},"rotation":{"x":-0.1734272837638855,"y":0.003542475402355194,"z":-0.0006237997440621257,"w":-0.9848405718803406},"size":4.976603031158447,"orthographic":false}